Resource Name,Description,Authors
"<a href=""https://acue.org/blog/unlocking-human-ai-potential-10-best-practices-for-ai-assignments-in-higher-ed/"">AI Assignments: 10 Best Practices for Higher Ed Instructors</a>","Recommends ten best practices for designing AI-integrated assignments, focusing on transparency, skill development, academic integrity, and meaningful human-AI collaboration in higher education.","Tracey Allen, Association of College and University Educators"
"<a href=""https://teaching.cornell.edu/generative-artificial-intelligence/ai-assignment-design"">AI in Assignment Design</a>","Highlights key considerations for AI-inclusive assignment design, encouraging faculty to align AI use with learning goals, promote critical thinking, and clearly communicate expectations to students.","Center for Teaching Innovation, Cornell University"
"<a href=""https://teaching.resources.osu.edu/teaching-topics/ai-teaching-strategies-transparent"">AI Teaching Strategies: Transparent Assignment Design</a>","Advocates for transparent AI use in the classroom, offering strategies to help instructors set clear policies, model ethical engagement, and support student understanding of generative AI tools.",Ohio State Teaching &amp; Learning Resource Center
"<a href=""https://cndls.georgetown.edu/resources/ai/designing-assignments/"">Designing Assignments&ndash;Artificial Intelligence (AI) Toolkit</a>","Offers guidance on designing assignments that thoughtfully integrate AI, with a focus on academic integrity, learning outcomes, and student agency.","Center for New Designs in Learning and Scholarship, Georgetown University"
"<a href=""https://libguides.hacc.edu/c.php?g=1370092&amp;p=10124188"">LibGuides: HACC Faculty Guide to Artificial Intelligence&ndash;Assignments</a>","Shares practical tips for crafting AI-aware assignments, including suggestions for incorporating prompts, clarifying usage policies, and encouraging student reflection on AI’s role in their work.",Harrisburg Community College Library
"<a href=""https://guides.lib.jmu.edu/AI-in-education/assignments"">Research Guides: Artificial Intelligence (AI) in Education: Class Assignments and AI</a>","Provides examples and strategies for designing assignments that engage students with generative AI, promoting critical thinking, responsible use, and alignment with course objectives.","Carolyn Schubert, James Madison University Library"
"<a href=""https://www.carleton.edu/writing/resources-for-faculty/working-with-ai/incorporating-ai-tools/"">Suggestions for AI-Based Assignments and Activities</a>","Suggests ways faculty can incorporate AI tools into writing instruction, with an emphasis on fostering critical awareness, supporting revision, and maintaining academic integrity.","Writing Across the Curriculum, Carleton College"
"<a href=""https://news.vt.edu/content/news_vt_edu/en/articles/2025/04/provost-teaching-artificial-intelligence.html"">Teaching Students to Navigate a World with AI</a>","Examines integration of genAI in assignments, through transparent, discipline-specific guidelines, prompt-based exercises, and reflective classroom practices","Melody Warnick, Virginia Tech"
"<a href=""https://guidetoteaching.newschool.org/using-generative-ai-in-student-assignment/"">Using Generative AI in Student Assignment[s]</a>","Describes ways instructors can design assignments that incorporate generative AI, emphasizing transparency, ethical use, and critical engagement with AI-generated content.",New School
