Assignment Name,Description,Author,Department or School
"<a href=""https://aiteaching.vt.domains/sample-assignments/by-cohort-members/ai-as-a-professional-tool-discipline-specific-workshop/"">AI as a Professional Tool: Discipline-Specific Workshop</a>","Students design AI workshops for their fields, preparing to mentor others and lead in AI-integrated workplaces.",David Hicks,School of Education
"<a href=""https://aiteaching.vt.domains/sample-assignments/by-cohort-members/ai-in-my-world-a-personal-discovery/"">AI in My World: A Personal Discovery</a>","This introductory assignment invites students to explore AI's current capabilities, limitations, and societal impact.",David Hicks,School of Education
"<a href=""https://aiteaching.vt.domains/sample-assignments/by-cohort-members/ai-in-practice-case-studies/"">AI in Practice: Case Studies</a>","Through real-world examples, this assignment shows how AI is used across disciplines, highlighting both its applications and limits.",David Hicks,School of Education
"<a href=""https://aiteaching.vt.domains/sample-assignments/by-cohort-members/ai-tool-exploration/"">AI Tool Exploration</a>","This assignment introduces students to specific AI tools, asking them to evaluate the strengths and limitations of a specific tool.",Traci Gardner,Department of English
"<a href=""https://aiteaching.vt.domains/sample-assignments/by-cohort-members/case-study-report/"">Case Study Report</a>",Students analyze and revise a case study focused on intercultural issues using AI tools.,Shakil Rabbi,Department of English
"<a href=""https://aiteaching.vt.domains/sample-assignments/by-cohort-members/co-creating-with-ai-a-dance-of-ideas/"">Co-Creating with AI: A Dance of Ideas</a>",This assignment introduces prompt engineering and helps students use AI collaboratively while preserving their own voice and creativity.,David Hicks,School of Education
"<a href=""https://aiteaching.vt.domains/sample-assignments/by-cohort-members/ethical-ai-project/"">Ethical AI Project</a>",Students design an AI-based project that applies ethical principles to a real-world problem.,David Hicks,School of Education
"<a href=""https://aiteaching.vt.domains/sample-assignments/by-cohort-members/exploring-ethical-ai-use-in-academia/"">Exploring Ethical AI Use in Academia</a>","Students investigate ethical AI use across disciplines and share findings in a format of their choice, developing a broad understanding of its applications and social implications.",David Hicks,School of Education
"<a href=""https://aiteaching.vt.domains/sample-assignments/by-cohort-members/exploring-the-ethical-and-creative-uses-of-generative-ai/"">Exploring the Ethical and Creative Uses of Generative AI</a>","Students examine generative AI through reflection, tool analysis, case study discussion, and a creative project to explore ethical concerns and responsible academic use.",David Hicks,School of Education
"<a href=""https://aiteaching.vt.domains/sample-assignments/by-cohort-members/a-teacher-as-research-project"">Exploring the Potential and Challenges of Generative AI for Teaching and Learning: A Teacher as Research Project</a>","Students investigate AI use in schools, test AI tools, and report on its implications for teaching in a multimodal report.",David Hicks,School of Education
"<a href=""https://aiteaching.vt.domains/sample-assignments/by-cohort-members/introduction-to-generative-ai/"">Introduction to Generative AI</a>","This assignment introduces the basics of generative AI, including its capabilities and limitations.",David Hicks,School of Education
"<a href=""https://aiteaching.vt.domains/sample-assignments/by-cohort-members/literacy-narrative-with-ai-integration/"">Literacy Narrative Activities</a>","Students complete a literacy narrative by progressing through AI-supported reading, outlining, peer review, and reflection activities over four weeks.",Ghazal Saeidar,Department of English
"<a href=""https://aiteaching.vt.domains/sample-assignments/by-cohort-members/navigating-the-gray-areas-ai-ethics-case-study/"">Navigating the Gray Areas: AI Ethics Case Study</a>","Students analyze a real-world AI ethics case in interdisciplinary groups, building deeper understanding through diverse perspectives and collaboration.",David Hicks,School of Education
"<a href=""https://aiteaching.vt.domains/sample-assignments/by-cohort-members/reflecting-on-ai-ethics-and-the-future/"">Reflecting on AI, Ethics, and the Future</a>","Through reflection and discussion, students assess their learning and plan for ethical, informed AI use in future academic or professional contexts.",David Hicks,School of Education
