<?xml version='1.0' encoding='utf-8'?>
<questestinterop><assessment ident="QUIZ-1" title="Research Proposal Self-Check (True/False)"><qtimetadata><qtimetadatafield><fieldlabel>quiz_type</fieldlabel><fieldentry>assignment</fieldentry></qtimetadatafield></qtimetadata><section ident="root_section"><item ident="ITEM-1" title="Question 1"><itemmetadata><qtimetadata><qtimetadatafield><fieldlabel>question_type</fieldlabel><fieldentry>true_false_question</fieldentry></qtimetadatafield><qtimetadatafield><fieldlabel>points_possible</fieldlabel><fieldentry>1</fieldentry></qtimetadatafield></qtimetadata></itemmetadata><presentation><flow><material><mattext texttype="text/html">My proposal provides a clear, detailed plan for the Informational Report I will write as part of the semester-long project.</mattext></material><response_lid ident="RL-1" rcardinality="Single"><render_choice><response_label ident="true"><material><mattext texttype="text/html">True</mattext></material></response_label><response_label ident="false"><material><mattext texttype="text/html">False</mattext></material></response_label></render_choice></response_lid></flow></presentation><resprocessing><outcomes><decvar varname="SCORE" vartype="Integer" minvalue="0" maxvalue="1" /></outcomes><respcondition continue="No"><conditionvar><varequal respident="RL-1">true</varequal></conditionvar><setvar varname="SCORE" action="Set">1</setvar></respcondition><respcondition continue="No"><conditionvar><other /></conditionvar><setvar varname="SCORE" action="Set">0</setvar></respcondition></resprocessing></item><item ident="ITEM-2" title="Question 2"><itemmetadata><qtimetadata><qtimetadatafield><fieldlabel>question_type</fieldlabel><fieldentry>true_false_question</fieldentry></qtimetadatafield><qtimetadatafield><fieldlabel>points_possible</fieldlabel><fieldentry>1</fieldentry></qtimetadatafield></qtimetadata></itemmetadata><presentation><flow><material><mattext texttype="text/html">My introduction states the topic and purpose directly and includes a purpose statement without a heading.</mattext></material><response_lid ident="RL-2" rcardinality="Single"><render_choice><response_label ident="true"><material><mattext texttype="text/html">True</mattext></material></response_label><response_label ident="false"><material><mattext texttype="text/html">False</mattext></material></response_label></render_choice></response_lid></flow></presentation><resprocessing><outcomes><decvar varname="SCORE" vartype="Integer" minvalue="0" maxvalue="1" /></outcomes><respcondition continue="No"><conditionvar><varequal respident="RL-2">true</varequal></conditionvar><setvar varname="SCORE" action="Set">1</setvar></respcondition><respcondition continue="No"><conditionvar><other /></conditionvar><setvar varname="SCORE" action="Set">0</setvar></respcondition></resprocessing></item><item ident="ITEM-3" title="Question 3"><itemmetadata><qtimetadata><qtimetadatafield><fieldlabel>question_type</fieldlabel><fieldentry>true_false_question</fieldentry></qtimetadatafield><qtimetadatafield><fieldlabel>points_possible</fieldlabel><fieldentry>1</fieldentry></qtimetadatafield></qtimetadata></itemmetadata><presentation><flow><material><mattext texttype="text/html">My project overview reintroduces and defines the subject, explains what it involves, and justifies why it is important.</mattext></material><response_lid ident="RL-3" rcardinality="Single"><render_choice><response_label ident="true"><material><mattext texttype="text/html">True</mattext></material></response_label><response_label ident="false"><material><mattext texttype="text/html">False</mattext></material></response_label></render_choice></response_lid></flow></presentation><resprocessing><outcomes><decvar varname="SCORE" vartype="Integer" minvalue="0" maxvalue="1" /></outcomes><respcondition continue="No"><conditionvar><varequal respident="RL-3">true</varequal></conditionvar><setvar varname="SCORE" action="Set">1</setvar></respcondition><respcondition continue="No"><conditionvar><other /></conditionvar><setvar varname="SCORE" action="Set">0</setvar></respcondition></resprocessing></item><item ident="ITEM-4" title="Question 4"><itemmetadata><qtimetadata><qtimetadatafield><fieldlabel>question_type</fieldlabel><fieldentry>true_false_question</fieldentry></qtimetadatafield><qtimetadatafield><fieldlabel>points_possible</fieldlabel><fieldentry>1</fieldentry></qtimetadatafield></qtimetadata></itemmetadata><presentation><flow><material><mattext texttype="text/html">My literature review summarizes at least five credible sources and includes two quotations with context and explanation from each.</mattext></material><response_lid ident="RL-4" rcardinality="Single"><render_choice><response_label ident="true"><material><mattext texttype="text/html">True</mattext></material></response_label><response_label ident="false"><material><mattext texttype="text/html">False</mattext></material></response_label></render_choice></response_lid></flow></presentation><resprocessing><outcomes><decvar varname="SCORE" vartype="Integer" minvalue="0" maxvalue="1" /></outcomes><respcondition continue="No"><conditionvar><varequal respident="RL-4">true</varequal></conditionvar><setvar varname="SCORE" action="Set">1</setvar></respcondition><respcondition continue="No"><conditionvar><other /></conditionvar><setvar varname="SCORE" action="Set">0</setvar></respcondition></resprocessing></item><item ident="ITEM-5" title="Question 5"><itemmetadata><qtimetadata><qtimetadatafield><fieldlabel>question_type</fieldlabel><fieldentry>true_false_question</fieldentry></qtimetadatafield><qtimetadatafield><fieldlabel>points_possible</fieldlabel><fieldentry>1</fieldentry></qtimetadatafield></qtimetadata></itemmetadata><presentation><flow><material><mattext texttype="text/html">My proposal identifies, describes, and analyzes the needs of a non-expert audience for my report.</mattext></material><response_lid ident="RL-5" rcardinality="Single"><render_choice><response_label ident="true"><material><mattext texttype="text/html">True</mattext></material></response_label><response_label ident="false"><material><mattext texttype="text/html">False</mattext></material></response_label></render_choice></response_lid></flow></presentation><resprocessing><outcomes><decvar varname="SCORE" vartype="Integer" minvalue="0" maxvalue="1" /></outcomes><respcondition continue="No"><conditionvar><varequal respident="RL-5">true</varequal></conditionvar><setvar varname="SCORE" action="Set">1</setvar></respcondition><respcondition continue="No"><conditionvar><other /></conditionvar><setvar varname="SCORE" action="Set">0</setvar></respcondition></resprocessing></item><item ident="ITEM-6" title="Question 6"><itemmetadata><qtimetadata><qtimetadatafield><fieldlabel>question_type</fieldlabel><fieldentry>true_false_question</fieldentry></qtimetadatafield><qtimetadatafield><fieldlabel>points_possible</fieldlabel><fieldentry>1</fieldentry></qtimetadatafield></qtimetadata></itemmetadata><presentation><flow><material><mattext texttype="text/html">My proposal explains my qualifications, background, and relevance to the topic I have chosen.</mattext></material><response_lid ident="RL-6" rcardinality="Single"><render_choice><response_label ident="true"><material><mattext texttype="text/html">True</mattext></material></response_label><response_label ident="false"><material><mattext texttype="text/html">False</mattext></material></response_label></render_choice></response_lid></flow></presentation><resprocessing><outcomes><decvar varname="SCORE" vartype="Integer" minvalue="0" maxvalue="1" /></outcomes><respcondition continue="No"><conditionvar><varequal respident="RL-6">true</varequal></conditionvar><setvar varname="SCORE" action="Set">1</setvar></respcondition><respcondition continue="No"><conditionvar><other /></conditionvar><setvar varname="SCORE" action="Set">0</setvar></respcondition></resprocessing></item><item ident="ITEM-7" title="Question 7"><itemmetadata><qtimetadata><qtimetadatafield><fieldlabel>question_type</fieldlabel><fieldentry>true_false_question</fieldentry></qtimetadatafield><qtimetadatafield><fieldlabel>points_possible</fieldlabel><fieldentry>1</fieldentry></qtimetadatafield></qtimetadata></itemmetadata><presentation><flow><material><mattext texttype="text/html">My project timetable includes a forecasting sentence and a Gantt chart that provides a realistic schedule for each stage.</mattext></material><response_lid ident="RL-7" rcardinality="Single"><render_choice><response_label ident="true"><material><mattext texttype="text/html">True</mattext></material></response_label><response_label ident="false"><material><mattext texttype="text/html">False</mattext></material></response_label></render_choice></response_lid></flow></presentation><resprocessing><outcomes><decvar varname="SCORE" vartype="Integer" minvalue="0" maxvalue="1" /></outcomes><respcondition continue="No"><conditionvar><varequal respident="RL-7">true</varequal></conditionvar><setvar varname="SCORE" action="Set">1</setvar></respcondition><respcondition continue="No"><conditionvar><other /></conditionvar><setvar varname="SCORE" action="Set">0</setvar></respcondition></resprocessing></item><item ident="ITEM-8" title="Question 8"><itemmetadata><qtimetadata><qtimetadatafield><fieldlabel>question_type</fieldlabel><fieldentry>true_false_question</fieldentry></qtimetadatafield><qtimetadatafield><fieldlabel>points_possible</fieldlabel><fieldentry>1</fieldentry></qtimetadatafield></qtimetadata></itemmetadata><presentation><flow><material><mattext texttype="text/html">My request for approval reiterates my subject and its importance, requests approval, and provides my contact information without a closing or signature.</mattext></material><response_lid ident="RL-8" rcardinality="Single"><render_choice><response_label ident="true"><material><mattext texttype="text/html">True</mattext></material></response_label><response_label ident="false"><material><mattext texttype="text/html">False</mattext></material></response_label></render_choice></response_lid></flow></presentation><resprocessing><outcomes><decvar varname="SCORE" vartype="Integer" minvalue="0" maxvalue="1" /></outcomes><respcondition continue="No"><conditionvar><varequal respident="RL-8">true</varequal></conditionvar><setvar varname="SCORE" action="Set">1</setvar></respcondition><respcondition continue="No"><conditionvar><other /></conditionvar><setvar varname="SCORE" action="Set">0</setvar></respcondition></resprocessing></item><item ident="ITEM-9" title="Question 9"><itemmetadata><qtimetadata><qtimetadatafield><fieldlabel>question_type</fieldlabel><fieldentry>true_false_question</fieldentry></qtimetadatafield><qtimetadatafield><fieldlabel>points_possible</fieldlabel><fieldentry>1</fieldentry></qtimetadatafield></qtimetadata></itemmetadata><presentation><flow><material><mattext texttype="text/html">My works cited or bibliography lists all sources in correct format.</mattext></material><response_lid ident="RL-9" rcardinality="Single"><render_choice><response_label ident="true"><material><mattext texttype="text/html">True</mattext></material></response_label><response_label ident="false"><material><mattext texttype="text/html">False</mattext></material></response_label></render_choice></response_lid></flow></presentation><resprocessing><outcomes><decvar varname="SCORE" vartype="Integer" minvalue="0" maxvalue="1" /></outcomes><respcondition continue="No"><conditionvar><varequal respident="RL-9">true</varequal></conditionvar><setvar varname="SCORE" action="Set">1</setvar></respcondition><respcondition continue="No"><conditionvar><other /></conditionvar><setvar varname="SCORE" action="Set">0</setvar></respcondition></resprocessing></item><item ident="ITEM-10" title="Question 10"><itemmetadata><qtimetadata><qtimetadatafield><fieldlabel>question_type</fieldlabel><fieldentry>true_false_question</fieldentry></qtimetadatafield><qtimetadatafield><fieldlabel>points_possible</fieldlabel><fieldentry>1</fieldentry></qtimetadatafield></qtimetadata></itemmetadata><presentation><flow><material><mattext texttype="text/html">My proposal follows memo format with required headings, spacing, fonts, and document design elements that make it clear and readable.</mattext></material><response_lid ident="RL-10" rcardinality="Single"><render_choice><response_label ident="true"><material><mattext texttype="text/html">True</mattext></material></response_label><response_label ident="false"><material><mattext texttype="text/html">False</mattext></material></response_label></render_choice></response_lid></flow></presentation><resprocessing><outcomes><decvar varname="SCORE" vartype="Integer" minvalue="0" maxvalue="1" /></outcomes><respcondition continue="No"><conditionvar><varequal respident="RL-10">true</varequal></conditionvar><setvar varname="SCORE" action="Set">1</setvar></respcondition><respcondition continue="No"><conditionvar><other /></conditionvar><setvar varname="SCORE" action="Set">0</setvar></respcondition></resprocessing></item><item ident="ITEM-11" title="Question 11"><itemmetadata><qtimetadata><qtimetadatafield><fieldlabel>question_type</fieldlabel><fieldentry>true_false_question</fieldentry></qtimetadatafield><qtimetadatafield><fieldlabel>points_possible</fieldlabel><fieldentry>1</fieldentry></qtimetadatafield></qtimetadata></itemmetadata><presentation><flow><material><mattext texttype="text/html">My proposal uses a clear, objective, professional tone with plain language and avoids jargon.</mattext></material><response_lid ident="RL-11" rcardinality="Single"><render_choice><response_label ident="true"><material><mattext texttype="text/html">True</mattext></material></response_label><response_label ident="false"><material><mattext texttype="text/html">False</mattext></material></response_label></render_choice></response_lid></flow></presentation><resprocessing><outcomes><decvar varname="SCORE" vartype="Integer" minvalue="0" maxvalue="1" /></outcomes><respcondition continue="No"><conditionvar><varequal respident="RL-11">true</varequal></conditionvar><setvar varname="SCORE" action="Set">1</setvar></respcondition><respcondition continue="No"><conditionvar><other /></conditionvar><setvar varname="SCORE" action="Set">0</setvar></respcondition></resprocessing></item><item ident="ITEM-12" title="Question 12"><itemmetadata><qtimetadata><qtimetadatafield><fieldlabel>question_type</fieldlabel><fieldentry>true_false_question</fieldentry></qtimetadatafield><qtimetadatafield><fieldlabel>points_possible</fieldlabel><fieldentry>1</fieldentry></qtimetadatafield></qtimetadata></itemmetadata><presentation><flow><material><mattext texttype="text/html">My proposal includes relevant illustrations (if needed), each with two-part captions and clear references in the text, and avoids clipart.</mattext></material><response_lid ident="RL-12" rcardinality="Single"><render_choice><response_label ident="true"><material><mattext texttype="text/html">True</mattext></material></response_label><response_label ident="false"><material><mattext texttype="text/html">False</mattext></material></response_label></render_choice></response_lid></flow></presentation><resprocessing><outcomes><decvar varname="SCORE" vartype="Integer" minvalue="0" maxvalue="1" /></outcomes><respcondition continue="No"><conditionvar><varequal respident="RL-12">true</varequal></conditionvar><setvar varname="SCORE" action="Set">1</setvar></respcondition><respcondition continue="No"><conditionvar><other /></conditionvar><setvar varname="SCORE" action="Set">0</setvar></respcondition></resprocessing></item></section></assessment></questestinterop>