Collection Name,Description,Authors & Organizations
"<a href=""https://commons.und.edu/ai-assignment-library/"">AI Assignment Library</a>","A searchable collection of peer-reviewed, classroom-tested assignments for teaching with and about AI in higher education—useful across disciplines for integrating AI literacy.",University of North Dakota
"<a href=""https://docs.google.com/document/d/1WrT4BUutStBp8qvzNcYL4ZLg5dQs9xSknAk-nhmUU9U/edit?usp=sharing"">AI Mini-Games for Peer Review</a>","A collection of short, interactive, low-stakes exercises to introduce generative AI concepts. Includes AI-Penned Dialogues, Character Depth Enhancer, Devil&rsquo;s Advocate, Elevator Pitch, Sentence Surgery, and AI-Powered Mood Board.","Neeza Singh and Christopher McVey, Boston University"
"<a href=""https://teachingnaked.com/prompts/"">AI Workshop Prompts</a>","Easy-to-use AI prompts from <em><a href=""https://virginiatech.primo.exlibrisgroup.com/permalink/01VT_INST/1qimi5t/alma991013210797408646"">Teaching with AI: A Practical Guide to a New Era of Human Learning</a></em>, copy and paste instead of retyping.",José Antonio Bowen
"<a href=""https://hyperallergic.com/855980/as-a-history-professor-this-is-how-i-use-ai-in-class/"">As a History Professor, This Is How I Use AI in Class</a>",,Sarah E. Bond
"<a href=""https://www.oneusefulthing.org/p/assigning-ai-seven-ways-of-using"">Assigning AI: Seven Ways of Using AI in Class</a>","Outlines seven strategies for integrating AI into college teaching by assigning AI and students specific roles (e.g., Coach, Teammate, Tutor).",Ethan Mollick
"<a href=""https://derekbruff.org/2023/07/19/assignment-makeovers-in-the-ai-age-essay-edition/"">Assignment Makeovers in the AI Age: Essay Edition</a>","Shares examples of redesigned college writing assignments that address generative AI&rsquo;s influence, helping instructors adapt essay tasks for authenticity and academic integrity.",Derek Bruff
"<a href=""https://aipedagogy.org/assignments/"">Assignments from AI Pedagogy Project</a>",,metaLAB at Harvard
"<a href=""https://stars.library.ucf.edu/oer/8/"">ChatGPT Assignments to Use in Your Classroom Today</a>","Introduce core AI concepts, ethical issues, and real-world applications with activities from this open-access textbook.",University of Central Florida
"<a href=""https://craft.stanford.edu/resources/"">CRAFT: AI Literacy Resources</a>",,Stanford University
"<a href=""https://docs.google.com/document/d/1lAFHJO6iffMyi5ar0jqZrjf_UL5vB443CBCrms-jIgQ/edit?usp=sharing"">Discipline-specific Generative AI Teaching and Learning Resources</a>",,University of Delaware Center for Teaching & Assessment of Learning
"<a href=""https://papers.ssrn.com/sol3/papers.cfm?abstract_id=4391863"">How to Learn and Teach Economics with Large Language Models, Including GPT</a>",,Alexander T. Tabarrok
"<a href=""https://teaching.virginia.edu/collections/navigating-the-ai-driven-writing-classroom"">Navigating the AI-Driven Writing Classroom</a>","A curated collection of resources for integrating generative AI into college writing instruction, including assignment guidelines, peer-review activities, and ethical frameworks.",University of Virginia&rsquo;s Teaching Hub
"<a href=""https://roft.io/"">Real or Fake Text? Game</a>","An interactive game where students identify the transition point from human-written to AI-generated text across various genres, enhancing critical reading and AI literacy.","Liam Dugan, Daphne Ippolito, Arun Kirubarajan, Sherry Shi, and Chris Callison-Burch"
"<a href=""https://tll.mit.edu/rethinking-your-problem-sets-in-the-world-of-generative-ai/"">Rethinking Your Problem Sets in the World of Generative AI</a>",,MIT Teaching + Learning Lab
"<a href=""https://aitoolkit.commons.gc.cuny.edu/sample-activities/"">Sample Activities</a>","Provides adaptable classroom activities for teaching with AI, including prompts, discussions, and critical analysis tasks. Particularly useful for writing-intensive courses.",Teach@CUNY AI Toolkit
"<a href=""https://www.oreilly.com/radar/teaching-programming-in-the-age-of-chatgpt/"">Teaching Programming in the Age of ChatGPT</a>",,Sam Lau and Philip Guo
"<a href="""">TextGenEd: Teaching with Text Generation Technologies</a>",,"Annette Vee, Tim Laquintano, and Carly Schnitzler"
"<a href=""https://teaching.virginia.edu/collections/generative-ai-in-writing-courses"">Writing Assignments and Generative AI</a>","Provides practical guidance for college instructors on using generative AI in writing courses, with sample policies, assignment ideas, and strategies for fostering ethical use.",University of Virginia&rsquo;s Teaching Hub
