Series Name,Lessons in the Series
"<strong>Definitional Personal Narrative on the Concept &ldquo;Home&rdquo;</strong><br>By Justin Greene, Department of English<br>Students write a personal narrative defining the concept of &ldquo;home,&rdquo; using reflection, specific examples, and invention writing. This five-week project integrates optional AI use and emphasizes process, originality, and ethical engagement.","<ul style=""margin-top: 0;""><li><a href=""https://aiteaching.vt.domains/sample-assignments/by-cohort-members/project-one-week-one/"">Brainstorming, Comparison, and Reflection</a></li><li><a href=""https://aiteaching.vt.domains/sample-assignments/by-cohort-members/project-one-week-two/"">Visualizing Definition Criteria</a></li><li><a href=""https://aiteaching.vt.domains/sample-assignments/by-cohort-members/project-one-week-three-personal-narrative-on-home/"">Examples of &ldquo;Home&rdquo;</a></li><li><a href=""https://aiteaching.vt.domains/sample-assignments/by-cohort-members/project-one-week-four-personal-narrative-on-home/"">Personal Narrative Peer Review</a></li><li><a href=""https://aiteaching.vt.domains/sample-assignments/by-cohort-members/project-one-week-five-personal-narrative-on-home/"">Critically Looking at Our Personal Narrative Work</a></li></ul>"
"<strong>Exploring AI Literacy</strong><br>By David Hicks, School of Education, with Claude<br>This five-part series guides students through the fundamentals of generative AI, its real-world applications, ethical challenges, and effective use.","<ul style=""margin-top: 0;""><li><a href=""https://aiteaching.vt.domains/sample-assignments/by-cohort-members/introduction-to-generative-ai/"">Introduction to Generative AI</a></li><li><a href=""https://aiteaching.vt.domains/sample-assignments/by-cohort-members/ai-in-practice-case-studies/"">AI in Practice: Case Studies</a></li><li><a href=""https://aiteaching.vt.domains/sample-assignments/by-cohort-members/prompt-engineering-workshop/"">Prompt Engineering Workshop</a></li><li><a href=""https://aiteaching.vt.domains/sample-assignments/by-cohort-members/ethical-ai-project/"">Ethical AI Project</a></li><li><a href=""https://aiteaching.vt.domains/sample-assignments/by-cohort-members/reflecting-on-ai-ethics-and-the-future/"">Reflecting on AI, Ethics, and the Future</a></li></ul>"
"<strong>Learning about AI</strong><br>By David Hicks, School of Education, with Claude<br>This assignment series introduces students to generative AI through reflection, prompt practice, and ethical analysis. It helps them explore AI&rsquo;s capabilities and limits while building skills for responsible, discipline-specific use.","<ul><li><a href=""https://aiteaching.vt.domains/sample-assignments/by-cohort-members/ai-in-my-world-a-personal-discovery/"">AI in my World: A Personal Discovery</a></li><li><a href=""https://aiteaching.vt.domains/sample-assignments/by-cohort-members/co-creating-with-ai-a-dance-of-ideas/"">Co-Creating with AI: A Dance of Ideas</a></li><li><a href=""https://aiteaching.vt.domains/sample-assignments/by-cohort-members/navigating-the-gray-areas-ai-ethics-case-study/"">Navigating the Gray Areas: AI Ethics Case Study</a></li><li><a href=""https://aiteaching.vt.domains/sample-assignments/by-cohort-members/ai-as-a-professional-tool-discipline-specific-workshop/"">AI as a Professional Tool: Discipline-Specific Workshop</a></li></ul>"
"<strong>Literacy Narrative</strong><br>By Ghazal  Saeidar, Department of English<br>Students complete a literacy narrative by progressing through AI-supported reading, outlining, peer review, and reflection activities over four weeks.","<ul><li><a href=""https://aiteaching.vt.domains/sample-assignments/by-cohort-members/literacy-narrative-series-overview/"">Literacy Narrative Series Overview</a></li><li><a href=""https://aiteaching.vt.domains/sample-assignments/by-cohort-members/introduction-to-ai-literacy-rhetoric/"">Introduction to AI, Literacy, &amp; Rhetoric</a></li><li><a href=""https://aiteaching.vt.domains/sample-assignments/by-cohort-members/exploring-the-literacy-narrative-genre/"">Exploring the Literacy Narrative Genre</a></li><li><a href=""https://aiteaching.vt.domains/sample-assignments/by-cohort-members/reading-drafting-literacy-narratives/"">Reading &amp; Drafting Literacy Narratives</a></li><li><a href=""https://aiteaching.vt.domains/sample-assignments/by-cohort-members/literacy-narrative-peer-review/"">Literacy Narrative Peer Review</a></li></ul>"
"<strong>Reading Spaces Photo Essay</strong><br>By Justin Greene, Department of English<br>Students create a photo essay analyzing a meaningful space where they engage in &ldquo;reading,&rdquo; broadly defined. Combining images and text, this five-week project develops visual literacy, rhetorical awareness, and critical thinking about how environments shape interpretation.","<ul><li><a href=""https://aiteaching.vt.domains/sample-assignments/by-cohort-members/reading-spaces-photo-essay-week-6/"">Exploring Our &ldquo;Reading Space&rdquo;</a></li><li><a href=""https://aiteaching.vt.domains/sample-assignments/by-cohort-members/reading-spaces-photo-essay-week-7/"">Understanding Our &ldquo;Reading&rdquo; Habits and Their Meanings</a></li><li><a href=""https://aiteaching.vt.domains/sample-assignments/by-cohort-members/reading-spaces-photo-essay-week-8/"">Putting Evidence Together with Our Interpretations</a></li><li><a href=""https://aiteaching.vt.domains/sample-assignments/by-cohort-members/reading-spaces-photo-essay-week-9/"">Reading Spaces Peer Review</a></li><li><a href=""https://aiteaching.vt.domains/sample-assignments/by-cohort-members/reading-spaces-photo-essay-week-10/"">Critically Looking at Our Reading Spaces Work</a></li></ul>"
"<strong>Rhetorical Analysis of Generative AI</strong><br>By Justin Greene, Department of English<br>Students write a rhetorical analysis of a generative AI response to an academic article, examining how it uses appeals like ethos, logos, pathos, and kairos. This four-week project sharpens critical thinking and information literacy while encouraging reflection on AI&rsquo;s rhetorical effectiveness.","<ul><li><a href=""https://aiteaching.vt.domains/sample-assignments/by-cohort-members/rhetorical-analysis-of-generative-ai-week-11/"">Summarizing for Deeper Understanding</a></li><li><a href=""https://aiteaching.vt.domains/sample-assignments/by-cohort-members/rhetorical-analysis-of-generative-ai-week-12/"">Rhetorical Analysis with AI Assistance</a></li><li><a href=""https://aiteaching.vt.domains/sample-assignments/by-cohort-members/rhetorical-analysis-of-generative-ai-week-13/"">Rhetorical Analysis Peer Review</a></li><li><a href=""https://aiteaching.vt.domains/sample-assignments/by-cohort-members/rhetorical-analysis-of-generative-ai-week-14/"">Critically Looking at Our Rhetorical Analysis Work</a></li></ul>"
